{"name":"vuetifyadmin","short_name":"vuetifyadmin","description":"My stupendous Nuxt.js project","icons":[{"src":"/_nuxt/icons/icon_64.5f6a36.png","sizes":"64x64","type":"image/png"},{"src":"/_nuxt/icons/icon_120.5f6a36.png","sizes":"120x120","type":"image/png"},{"src":"/_nuxt/icons/icon_144.5f6a36.png","sizes":"144x144","type":"image/png"},{"src":"/_nuxt/icons/icon_152.5f6a36.png","sizes":"152x152","type":"image/png"},{"src":"/_nuxt/icons/icon_192.5f6a36.png","sizes":"192x192","type":"image/png"},{"src":"/_nuxt/icons/icon_384.5f6a36.png","sizes":"384x384","type":"image/png"},{"src":"/_nuxt/icons/icon_512.5f6a36.png","sizes":"512x512","type":"image/png"}],"start_url":"/?standalone=true","display":"standalone","background_color":"#ffffff","theme_color":"#fff","lang":"en"}